CREATE TABLE `energytable` (
  `energy_id` int(2) NOT NULL,
  `energy_level` int(3) DEFAULT NULL
) ENGINE=MyISAM DEFAULT CHARSET=latin1;

INSERT INTO `energytable` (`energy_id`, `energy_level`) VALUES
(1, 1),
(2, 2),
(3, 3),
(4, 4),
(5, 5),
(6, 6),
(7, 7),
(8, 8),
(9, 9),
(10, 10);

CREATE TABLE `genretable` (
  `genre_id` int(11) NOT NULL DEFAULT '0',
  `genre_type` varchar(30) DEFAULT NULL,
  `genre_name` varchar(30) DEFAULT NULL
) ENGINE=MyISAM DEFAULT CHARSET=latin1;

INSERT INTO `genretable` (`genre_id`, `genre_type`, `genre_name`) VALUES
(1, 'pop', NULL),
(2, 'hip hop/rap', NULL),
(3, 'country', NULL),
(4, 'r&b/soul', NULL),
(5, 'singer/songwriter', NULL),
(6, 'alternative', NULL);

CREATE TABLE `songtable` (
  `song_id` int(11) NOT NULL,
  `song_name` varchar(30) DEFAULT NULL,
  `artist_name` varchar(30) DEFAULT NULL,
  `genre_name` int(30) NOT NULL,
  `energy_level` int(2) DEFAULT NULL,
  `link` varchar(90) NOT NULL
) ENGINE=MyISAM DEFAULT CHARSET=latin1;

INSERT INTO `songtable` (`song_id`, `song_name`, `artist_name`, `genre_name`, `energy_level`, `link`) VALUES
(1, 'Love On Top', 'Beyonce', 1, 8, 'https://www.youtube.com/watch?v=Ob7vObnFUJc'),
(3, 'Without Me', 'Halsey', 1, 5, 'https://www.youtube.com/watch?v=ZAfAud_M_mg'),
(4, 'Bad Guy', 'Billie Eilish', 1, 3, 'https://www.youtube.com/watch?v=DyDfgMOUjCI'),
(5, 'Truth Hurts', 'Lizzo', 1, 9, 'https://www.youtube.com/watch?v=P00HMxdsVZI'),
(6, 'Speechless', 'Dan + Shay', 3, 2, 'https://www.youtube.com/watch?v=o_bIMTtl8X8'),
(7, 'The Git Up', 'Blanco Brown', 3, 10, 'https://www.youtube.com/watch?v=DT4kQlM5xuE'),
(8, 'Talk', 'Khalid', 4, 3, 'https://www.youtube.com/watch?v=hE2Ira-Cwxo'),
(9, 'Slow Dancing in the Dark', 'Joji', 4, 1, 'https://www.youtube.com/watch?v=K3Qzzggn--s'),
(10, 'Sicko Mode', 'Travis Scott', 2, 8, 'https://www.youtube.com/watch?v=d-JBBNg8YKs'),
(11, 'Middle Child', 'J. Cole', 2, 7, 'https://www.youtube.com/watch?v=e8CLsYzE5wk'),
(12, 'Old Town Road', 'Lil Nas X', 2, 6, 'https://www.youtube.com/watch?v=7ysFgElQtjI'),
(13, 'Perfect', 'Ed Sheeran', 5, 4, 'https://www.youtube.com/watch?v=UDDMYw_IZnE'),
(14, 'Bruises', 'Lewis Capaldi', 5, 3, 'https://www.youtube.com/watch?v=sSAA_KmuC5E'),
(15, 'Pumped Up Kicks', 'Foster The People', 6, 7, 'https://www.youtube.com/watch?v=YKBw6CikgzA'),
(16, 'Stressed Out', 'Twenty One Pilots', 6, 5, 'https://www.youtube.com/watch?v=f1tDFtMjwAE'),
(17, 'Boulevard of Broken Dreams', 'Green Day', 6, 4, 'https://www.youtube.com/watch?v=r5EXKDlf44M'),
(18, 'Paradise', 'Bazzi', 1, 3, 'https://www.youtube.com/watch?v=baW_KIfnEHY '),
(19, '1950', 'King Princess', 1, 1, 'https://www.youtube.com/watch?v=LNxWTS25Tbk '),
(20, 'Nights Like This', 'Kehlani', 1, 2, 'https://www.youtube.com/watch?v=jwxI0OX3GsA'),
(21, 'Trampoline', 'SHAED', 1, 1, 'https://www.youtube.com/watch?v=4h26oYuE2h0'),
(22, 'boyfriend', 'Ariana Grande', 1, 3, 'https://www.youtube.com/watch?v=4h26oYuE2h0'),
(23, 'Adore You', 'Harry Styles', 1, 4, 'https://www.youtube.com/watch?v=VF-r5TtlT9w'),
(24, 'cardigan', 'Taylor Swift', 1, 1, 'https://www.youtube.com/watch?v=K-a8s8OLBSE'),
(25, 'PRBLMS', '6LACK', 2, 1, 'https://www.youtube.com/watch?v=fS9m0Ac8PCU'),
(26, 'Roll In Peace', 'Kodak Black', 2, 3, 'https://www.youtube.com/watch?v=S0nbOenwCLw'),
(27, 'U MAD', 'VIC MENSA', 2, 2, 'https://www.youtube.com/watch?v=fP8FMdVcCQQ'),
(28, 'Apparently', 'J. Cole', 2, 2, ' https://www.youtube.com/watch?v=eRaFMlZ1YHA'),
(29, 'Meditate', 'EARTHGANG', 2, 1, 'https://www.youtube.com/watch?v=skw3kUycvpo'),
(30, 'Gods Plan', 'Drake', 2, 6, 'https://www.youtube.com/watch?v=xpVfcZ0ZcFM'),
(31, 'I.F.L.Y.', 'Bazzi', 1, 1, 'https://www.youtube.com/watch?v=82-wXeOYLnw'),
(32, 'hot girl bummer', 'blackbear', 2, 4, 'https://www.youtube.com/watch?v=k-T4Odb-r5c'),
(33, 'Lucid Dreams', 'Juice WRLD', 2, 2, 'https://www.youtube.com/watch?v=mzB1VGEGcSU'),
(34, 'Love Me', 'Lil Tecca', 2, 3, 'https://www.youtube.com/watch?v=40nJYTQXUg4'),
(35, 'Graduation', 'benny blanco, Juice WRLD', 2, 4, 'https://www.youtube.com/watch?v=M3N06KyK3s0'),
(36, 'Strawberry Wine', 'Deana Carter', 3, 2, 'https://www.youtube.com/watch?v=Up06CryWQpE'),
(37, 'Tennessee Whiskey', 'Chris Stapleton', 3, 2, 'https://www.youtube.com/watch?v=4zAThXFOy2c'),
(38, 'Wagon Wheel', 'Darius Rucker', 3, 5, 'https://www.youtube.com/watch?v=hvKyBcCDOB4'),
(39, 'Song of the South', 'Alabama', 3, 4, 'https://www.youtube.com/watch?v=lHdXQAQHjd8'),
(40, 'She\'s Country', 'Jason Aldean', 3, 7, 'https://www.youtube.com/watch?v=ZsvR6XAl1os'),
(41, 'More Than My Hometown', 'Morgan Wallen', 3, 2, 'https://www.youtube.com/watch?v=MS82JAkBkDY'),
(42, 'Best Part', 'H.E.R.', 4, 2, 'https://www.youtube.com/watch?v=vBy7FaapGRo'),
(43, 'Better', 'Khalid', 4, 2, 'https://www.youtube.com/watch?v=x3bfa3DZ8JM'),
(44, 'Young Dumb & Broke', 'Khalid', 4, 7, 'https://www.youtube.com/watch?v=IPfJnp1guPc'),
(45, 'Not Another Love Song', 'Ella Mai', 4, 1, 'https://www.youtube.com/watch?v=Z36gEMWXOB8'),
(46, 'Outta Time', 'Bryson Tiller', 4, 3, 'https://www.youtube.com/watch?v=FtaW6YMAafk'),
(47, 'American Boy', 'Estelle', 4, 7, 'https://www.youtube.com/watch?v=Ic5vxw3eijY'),
(48, 'Pretty Little Fears', '6LACK, J. Cole', 4, 1, 'https://www.youtube.com/watch?v=iSgUMPHQEWw'),
(49, 'No Guidance', 'Chris Brown', 4, 5, 'https://www.youtube.com/watch?v=6L_k74BOLag'),
(50, 'While We’re Young', 'Jhene Aiko', 4, 1, 'https://www.youtube.com/watch?v=LjvwRSKVQNs'),
(51, 'ocean eyes', ' Billie Eilish', 5, 1, 'https://www.youtube.com/watch?v=viimfQi_pUw'),
(52, 'Worst of You', 'Maisie Peters', 5, 2, 'https://www.youtube.com/watch?v=XG7NCRDQJAw'),
(53, '17', 'Julia Michaels', 5, 2, 'https://www.youtube.com/watch?v=vy2g2TWrESY'),
(54, 'imagine if', 'gnash', 5, 4, 'https://www.youtube.com/watch?v=elRS0ntrEjk'),
(55, 'Please Don\'t Go', 'Joel Adams', 5, 4, 'https://www.youtube.com/watch?v=S2oxFIsENgM'),
(56, 'New Light', 'John Mayer', 5, 6, 'https://www.youtube.com/watch?v=mQ055hHdxbE'),
(57, 'Lost Boy', 'Ruth B', 5, 2, 'https://www.youtube.com/watch?v=58TBZnvyGwQ'),
(58, 'Let It Go', 'James Bay', 5, 1, 'https://www.youtube.com/watch?v=GsPq9mzFNGY'),
(59, 'Karma', 'MOD SUN', 6, 6, 'https://www.youtube.com/watch?v=BIu7D0HmpNc'),
(60, 'FOOL\'S GOLD', 'Aries', 6, 5, 'https://www.youtube.com/watch?v=AZdwToOhaNg'),
(61, 'Calling', 'Verzache', 6, 5, 'https://www.youtube.com/watch?v=-hkMoz6BOhA'),
(62, 'friends / wasted', 'maxime.', 6, 1, 'https://www.youtube.com/watch?v=ekcaUmTZIH8'),
(63, 'Tick Tock', 'Joji', 6, 2, 'https://www.youtube.com/watch?v=2FCo7OxVoeY');

CREATE TABLE `usergenre` (
  `user_id` int(11) NOT NULL,
  `genre_id` int(11) NOT NULL,
  `genre_name` varchar(30) DEFAULT NULL
) ENGINE=MyISAM DEFAULT CHARSET=latin1;

INSERT INTO `usergenre` (`user_id`, `genre_id`, `genre_name`) VALUES
(8, 3, NULL),
(7, 2, NULL),
(6, 4, NULL),
(5, 2, NULL),
(9, 1, NULL),
(10, 2, NULL),
(11, 0, NULL),
(12, 0, NULL),
(13, 2, NULL),
(14, 2, NULL),
(15, 4, NULL),
(16, 5, NULL),
(17, 5, NULL),
(18, 6, NULL),
(19, 1, NULL),
(20, 0, NULL),
(21, 1, NULL),
(22, 2, NULL),
(23, 1, NULL),
(24, 1, NULL),
(25, 1, NULL),
(26, 1, NULL),
(27, 1, NULL),
(28, 1, NULL),
(29, 1, NULL),
(30, 1, NULL),
(31, 1, NULL),
(32, 1, NULL),
(33, 1, NULL),
(34, 1, NULL),
(35, 1, NULL),
(36, 1, NULL),
(37, 1, NULL),
(38, 1, NULL),
(39, 1, NULL),
(40, 1, NULL),
(41, 1, NULL),
(42, 1, NULL),
(43, 1, NULL),
(44, 1, NULL),
(45, 2, NULL),
(46, 2, NULL),
(47, 2, NULL),
(48, 2, NULL),
(49, 2, NULL),
(50, 2, NULL),
(51, 2, NULL),
(52, 2, NULL),
(53, 2, NULL),
(54, 2, NULL),
(55, 2, NULL),
(56, 2, NULL),
(57, 2, NULL),
(58, 2, NULL),
(59, 2, NULL),
(60, 2, NULL),
(61, 2, NULL),
(62, 2, NULL),
(63, 2, NULL),
(64, 2, NULL),
(65, 2, NULL),
(66, 2, NULL),
(67, 2, NULL),
(68, 2, NULL),
(69, 2, NULL),
(70, 2, NULL),
(71, 2, NULL),
(72, 2, NULL),
(73, 2, NULL),
(74, 2, NULL),
(75, 2, NULL),
(76, 2, NULL),
(77, 2, NULL),
(78, 0, NULL),
(79, 0, NULL),
(80, 2, NULL),
(81, 2, NULL),
(82, 2, NULL),
(83, 2, NULL),
(84, 2, NULL),
(85, 2, NULL),
(86, 2, NULL),
(87, 2, NULL),
(88, 2, NULL),
(89, 2, NULL),
(90, 2, NULL),
(91, 2, NULL),
(92, 2, NULL),
(93, 2, NULL),
(94, 2, NULL),
(95, 2, NULL),
(96, 2, NULL),
(97, 2, NULL),
(98, 2, NULL),
(99, 2, NULL),
(100, 2, NULL),
(101, 2, NULL),
(102, 2, NULL),
(103, 2, NULL),
(104, 2, NULL),
(105, 2, NULL),
(106, 2, NULL),
(107, 2, NULL),
(108, 2, NULL),
(109, 2, NULL),
(110, 2, NULL),
(111, 2, NULL),
(112, 2, NULL),
(113, 3, NULL),
(114, 3, NULL),
(115, 3, NULL),
(116, 3, NULL),
(117, 3, NULL),
(118, 3, NULL),
(119, 3, NULL),
(120, 3, NULL),
(121, 3, NULL),
(122, 3, NULL),
(123, 2, NULL),
(124, 3, NULL),
(125, 0, NULL),
(126, 1, NULL),
(127, 1, NULL),
(128, 1, NULL),
(129, 2, NULL),
(130, 1, NULL),
(131, 2, NULL),
(132, 2, NULL),
(133, 2, NULL),
(134, 2, NULL),
(135, 2, NULL),
(136, 2, NULL),
(137, 2, NULL),
(138, 2, NULL),
(139, 2, NULL),
(140, 2, NULL),
(141, 2, NULL),
(142, 2, NULL),
(143, 2, NULL),
(144, 2, NULL),
(145, 2, NULL),
(146, 2, NULL),
(147, 0, NULL),
(148, 0, NULL),
(149, 2, NULL),
(150, 2, NULL),
(151, 2, NULL),
(152, 2, NULL),
(153, 2, NULL),
(154, 2, NULL),
(155, 2, NULL),
(156, 2, NULL),
(157, 2, NULL),
(158, 2, NULL),
(159, 2, NULL),
(160, 2, NULL),
(161, 2, NULL),
(162, 2, NULL),
(163, 2, NULL),
(164, 2, NULL),
(165, 2, NULL),
(166, 2, NULL),
(167, 2, NULL),
(168, 2, NULL),
(169, 2, NULL),
(170, 0, NULL),
(171, 2, NULL),
(172, 2, NULL),
(173, 2, NULL),
(174, 2, NULL),
(175, 3, NULL),
(176, 2, NULL),
(177, 6, NULL),
(178, 6, NULL),
(179, 2, NULL),
(180, 4, NULL),
(181, 4, NULL),
(182, 2, NULL),
(183, 5, NULL),
(184, 2, ''),
(185, 2, ''),
(186, 2, ''),
(187, 2, ''),
(188, 3, ''),
(189, 2, ''),
(190, 4, ''),
(191, 6, ''),
(192, 6, ''),
(193, 6, ''),
(194, 6, ''),
(195, 6, ''),
(196, 2, ''),
(197, 2, ''),
(198, 2, ''),
(199, 6, '');

CREATE TABLE `usertable` (
  `user_id` int(11) NOT NULL,
  `energy_level` int(3) NOT NULL,
  `genre_name` varchar(30) NOT NULL
) ENGINE=MyISAM DEFAULT CHARSET=latin1;

INSERT INTO `usertable` (`user_id`, `energy_level`, `genre_name`) VALUES
(470, 6, ''),
(471, 3, ''),
(472, 4, ''),
(473, 4, ''),
(474, 0, ''),
(475, 1, ''),
(476, 4, ''),
(477, 5, ''),
(478, 6, ''),
(479, 6, ''),
(480, 6, ''),
(481, 6, ''),
(482, 6, ''),
(483, 1, ''),
(484, 6, ''),
(485, 5, ''),
(486, 6, ''),
(487, 6, ''),
(488, 6, ''),
(489, 6, ''),
(490, 6, ''),
(491, 6, ''),
(492, 6, ''),
(493, 6, ''),
(494, 6, ''),
(495, 6, ''),
(496, 6, ''),
(497, 6, ''),
(498, 6, ''),
(499, 6, ''),
(500, 6, ''),
(501, 6, ''),
(502, 6, ''),
(503, 6, ''),
(504, 6, ''),
(505, 6, ''),
(506, 6, ''),
(507, 6, ''),
(508, 5, ''),
(509, 5, ''),
(510, 5, ''),
(511, 5, ''),
(512, 5, ''),
(513, 5, ''),
(514, 5, ''),
(515, 5, ''),
(516, 5, ''),
(517, 5, ''),
(518, 5, ''),
(519, 5, ''),
(520, 5, ''),
(521, 5, ''),
(522, 5, ''),
(523, 5, ''),
(524, 5, ''),
(525, 5, ''),
(526, 5, ''),
(527, 5, ''),
(528, 5, ''),
(529, 5, ''),
(530, 5, ''),
(531, 5, ''),
(532, 1, ''),
(533, 5, ''),
(534, 1, ''),
(535, 1, ''),
(536, 1, ''),
(537, 1, ''),
(538, 1, ''),
(539, 1, ''),
(540, 1, ''),
(541, 1, ''),
(542, 1, ''),
(543, 5, ''),
(544, 5, ''),
(545, 5, ''),
(546, 5, ''),
(547, 5, ''),
(548, 5, ''),
(549, 5, ''),
(550, 5, ''),
(551, 5, ''),
(552, 5, ''),
(553, 5, ''),
(554, 5, ''),
(555, 5, ''),
(556, 5, ''),
(557, 5, ''),
(558, 5, ''),
(559, 5, ''),
(560, 5, ''),
(561, 5, ''),
(562, 5, ''),
(563, 5, ''),
(564, 5, ''),
(565, 5, ''),
(566, 5, ''),
(567, 5, ''),
(568, 5, ''),
(569, 5, ''),
(570, 7, ''),
(571, 5, ''),
(572, 5, ''),
(573, 5, ''),
(574, 5, ''),
(575, 5, ''),
(576, 5, ''),
(577, 5, ''),
(578, 5, ''),
(579, 5, ''),
(580, 5, ''),
(581, 5, ''),
(582, 5, ''),
(583, 5, ''),
(584, 5, ''),
(585, 5, ''),
(586, 9, ''),
(587, 5, ''),
(588, 0, ''),
(589, 5, ''),
(590, 5, ''),
(591, 5, ''),
(592, 9, ''),
(593, 5, ''),
(594, 6, ''),
(595, 6, ''),
(596, 6, ''),
(597, 6, ''),
(598, 6, ''),
(599, 6, ''),
(600, 6, ''),
(601, 6, ''),
(602, 6, ''),
(603, 6, ''),
(604, 6, ''),
(605, 6, ''),
(606, 6, ''),
(607, 6, ''),
(608, 6, ''),
(609, 6, ''),
(610, 0, ''),
(611, 0, ''),
(612, 9, ''),
(613, 9, ''),
(614, 6, ''),
(615, 9, ''),
(616, 9, ''),
(617, 6, ''),
(618, 6, ''),
(619, 6, ''),
(620, 6, ''),
(621, 9, ''),
(622, 6, ''),
(623, 6, ''),
(624, 6, ''),
(625, 6, ''),
(626, 6, ''),
(627, 6, ''),
(628, 6, ''),
(629, 6, ''),
(630, 6, ''),
(631, 6, ''),
(632, 6, ''),
(633, 0, ''),
(634, 6, ''),
(635, 1, ''),
(636, 1, ''),
(637, 1, ''),
(638, 1, ''),
(639, 4, ''),
(640, 10, ''),
(641, 10, ''),
(642, 5, ''),
(643, 9, ''),
(644, 8, ''),
(645, 8, ''),
(646, 3, ''),
(647, 3, ''),
(648, 3, ''),
(649, 3, ''),
(650, 5, ''),
(651, 3, ''),
(652, 1, ''),
(653, 7, ''),
(654, 6, ''),
(655, 6, ''),
(656, 9, ''),
(657, 5, ''),
(658, 3, ''),
(659, 3, ''),
(660, 3, ''),
(661, 3, ''),
(662, 3, ''),
(663, 7, ''),
(664, 5, ''),
(665, 5, ''),
(666, 4, ''),
(667, 10, '');


ALTER TABLE `energytable`
  ADD PRIMARY KEY (`energy_id`);

ALTER TABLE `genretable`
  ADD PRIMARY KEY (`genre_id`);

ALTER TABLE `songtable`
  ADD PRIMARY KEY (`song_id`),
  ADD KEY `energy_id` (`energy_level`);

ALTER TABLE `usergenre`
  ADD PRIMARY KEY (`user_id`),
  ADD KEY `genre_id` (`genre_id`);

ALTER TABLE `usertable`
  ADD PRIMARY KEY (`user_id`);


ALTER TABLE `energytable`
  MODIFY `energy_id` int(2) NOT NULL AUTO_INCREMENT, AUTO_INCREMENT=11;

ALTER TABLE `songtable`
  MODIFY `song_id` int(11) NOT NULL AUTO_INCREMENT, AUTO_INCREMENT=64;

ALTER TABLE `usergenre`
  MODIFY `user_id` int(11) NOT NULL AUTO_INCREMENT, AUTO_INCREMENT=200;

ALTER TABLE `usertable`
  MODIFY `user_id` int(11) NOT NULL AUTO_INCREMENT, AUTO_INCREMENT=668;
COMMIT;
